{"links_info":null,"nodes_info":null,"sockets_info":null,"nodes":null,"selection":null,"view":{"scroll":{"x":-840.48040771484375,"y":-96.4926300048828125},"visible_rect":{"max":{"x":240176064,"y":27576704},"min":{"x":-240164864,"y":-27572492}},"zoom":3.49959759660123382e-06}}