{"links_info":null,"nodes_info":null,"sockets_info":null,"nodes":null,"selection":null,"view":{"scroll":{"x":-840.47625732421875,"y":-106.491859436035156},"visible_rect":{"max":{"x":217625392,"y":27576706},"min":{"x":-217613104,"y":-27572492}},"zoom":3.86225019610719755e-06}}