{"links_info":null,"nodes_info":null,"sockets_info":null,"nodes":null,"selection":null,"view":{"scroll":{"x":469.2216796875,"y":-144.664077758789062},"visible_rect":{"max":{"x":85.2605743408203125,"y":9.54425525665283203},"min":{"x":14.7394399642944336,"y":-4.54426479339599609}},"zoom":31.8344287872314453}}