{"links_info":null,"nodes_info":null,"sockets_info":null,"nodes":null,"selection":null,"view":{"scroll":{"x":-840.4969482421875,"y":-121.249557495117188},"visible_rect":{"max":{"x":14363322,"y":2072043.875},"min":{"x":-14363218,"y":-2072028.75}},"zoom":5.85173147555906326e-05}}